INSERT INTO department VALUES(10, '営業部');
INSERT INTO department VALUES(20, '開発部');
INSERT INTO department VALUES(30, '管理部');

INSERT INTO employee VALUES(101, '山田太郎', '2010-04-01', 10, 'yamada@example.com', '1986-05-11');
INSERT INTO employee VALUES(102, '鈴木次郎', '2010-05-01', null, 'suzuki@example.com', '1989-06-19');
INSERT INTO employee VALUES(103, '高田純平', '2010-04-01', 30, 'takada@example.com', '1979-12-01');
INSERT INTO employee VALUES(104, '大山里美', '2010-05-01', 20, 'oyama@example.com', '1990-01-11');
INSERT INTO employee VALUES(105, '橋本哲也', '2011-04-01', 10, 'hashimoto@example.com', '1989-07-17');
INSERT INTO employee VALUES(106, '本山百合子', '2011-05-01', 20, 'motoyama@example.com', '1982-09-13');
INSERT INTO employee VALUES(107, '中田かすみ', '2011-04-01', 30, 'nakata@example.com', '1981-02-22');
INSERT INTO employee VALUES(108, '田中亮太', '2011-05-01', 10, 'tanaka@example.com', '1986-04-11');
INSERT INTO employee VALUES(109, '長谷川宏', '2012-04-01', 20, 'hasegawa@example.com', '1989-11-29');

INSERT INTO salary (employee_id, year_and_month, amount) VALUES (101, '2023-01', 100);
INSERT INTO salary (employee_id, year_and_month, amount) VALUES (101, '2023-02', 101);
INSERT INTO salary (employee_id, year_and_month, amount) VALUES (101, '2023-03', 102);
INSERT INTO salary (employee_id, year_and_month, amount) VALUES (101, '2023-04', 103);
INSERT INTO salary (employee_id, year_and_month, amount) VALUES (101, '2023-05', 104);
INSERT INTO salary (employee_id, year_and_month, amount) VALUES (101, '2023-06', 105);
INSERT INTO salary (employee_id, year_and_month, amount) VALUES (101, '2023-07', 106);
INSERT INTO salary (employee_id, year_and_month, amount) VALUES (101, '2023-08', 107);
INSERT INTO salary (employee_id, year_and_month, amount) VALUES (101, '2023-09', 108);
INSERT INTO salary (employee_id, year_and_month, amount) VALUES (101, '2023-10', 109);
INSERT INTO salary (employee_id, year_and_month, amount) VALUES (101, '2023-11', 110);
INSERT INTO salary (employee_id, year_and_month, amount) VALUES (101, '2023-12', 111);
INSERT INTO salary (employee_id, year_and_month, amount) VALUES (102, '2023-01', 200);
INSERT INTO salary (employee_id, year_and_month, amount) VALUES (102, '2023-02', 201);
INSERT INTO salary (employee_id, year_and_month, amount) VALUES (102, '2023-03', 202);
INSERT INTO salary (employee_id, year_and_month, amount) VALUES (102, '2023-04', 203);
INSERT INTO salary (employee_id, year_and_month, amount) VALUES (102, '2023-05', 204);
INSERT INTO salary (employee_id, year_and_month, amount) VALUES (102, '2023-06', 205);
INSERT INTO salary (employee_id, year_and_month, amount) VALUES (102, '2023-07', 206);
INSERT INTO salary (employee_id, year_and_month, amount) VALUES (102, '2023-08', 207);
INSERT INTO salary (employee_id, year_and_month, amount) VALUES (102, '2023-09', 208);
INSERT INTO salary (employee_id, year_and_month, amount) VALUES (102, '2023-10', 209);
INSERT INTO salary (employee_id, year_and_month, amount) VALUES (102, '2023-11', 210);
INSERT INTO salary (employee_id, year_and_month, amount) VALUES (102, '2023-12', 211);
INSERT INTO salary (employee_id, year_and_month, amount) VALUES (103, '2023-01', 300);
INSERT INTO salary (employee_id, year_and_month, amount) VALUES (103, '2023-02', 301);
INSERT INTO salary (employee_id, year_and_month, amount) VALUES (103, '2023-03', 302);
INSERT INTO salary (employee_id, year_and_month, amount) VALUES (103, '2023-04', 303);
INSERT INTO salary (employee_id, year_and_month, amount) VALUES (103, '2023-05', 304);
INSERT INTO salary (employee_id, year_and_month, amount) VALUES (103, '2023-06', 305);
INSERT INTO salary (employee_id, year_and_month, amount) VALUES (103, '2023-07', 306);
INSERT INTO salary (employee_id, year_and_month, amount) VALUES (103, '2023-08', 307);
INSERT INTO salary (employee_id, year_and_month, amount) VALUES (103, '2023-09', 308);
INSERT INTO salary (employee_id, year_and_month, amount) VALUES (103, '2023-10', 309);
INSERT INTO salary (employee_id, year_and_month, amount) VALUES (103, '2023-11', 310);
INSERT INTO salary (employee_id, year_and_month, amount) VALUES (103, '2023-12', 311);
INSERT INTO salary (employee_id, year_and_month, amount) VALUES (104, '2023-01', 100);
INSERT INTO salary (employee_id, year_and_month, amount) VALUES (104, '2023-02', 101);
INSERT INTO salary (employee_id, year_and_month, amount) VALUES (104, '2023-03', 102);
INSERT INTO salary (employee_id, year_and_month, amount) VALUES (104, '2023-04', 103);
INSERT INTO salary (employee_id, year_and_month, amount) VALUES (104, '2023-05', 104);
INSERT INTO salary (employee_id, year_and_month, amount) VALUES (104, '2023-06', 105);
INSERT INTO salary (employee_id, year_and_month, amount) VALUES (104, '2023-07', 106);
INSERT INTO salary (employee_id, year_and_month, amount) VALUES (104, '2023-08', 107);
INSERT INTO salary (employee_id, year_and_month, amount) VALUES (104, '2023-09', 108);
INSERT INTO salary (employee_id, year_and_month, amount) VALUES (104, '2023-10', 109);
INSERT INTO salary (employee_id, year_and_month, amount) VALUES (104, '2023-11', 110);
INSERT INTO salary (employee_id, year_and_month, amount) VALUES (104, '2023-12', 111);
INSERT INTO salary (employee_id, year_and_month, amount) VALUES (105, '2023-01', 200);
INSERT INTO salary (employee_id, year_and_month, amount) VALUES (105, '2023-02', 201);
INSERT INTO salary (employee_id, year_and_month, amount) VALUES (105, '2023-03', 202);
INSERT INTO salary (employee_id, year_and_month, amount) VALUES (105, '2023-04', 203);
INSERT INTO salary (employee_id, year_and_month, amount) VALUES (105, '2023-05', 204);
INSERT INTO salary (employee_id, year_and_month, amount) VALUES (105, '2023-06', 205);
INSERT INTO salary (employee_id, year_and_month, amount) VALUES (105, '2023-07', 206);
INSERT INTO salary (employee_id, year_and_month, amount) VALUES (105, '2023-08', 207);
INSERT INTO salary (employee_id, year_and_month, amount) VALUES (105, '2023-09', 208);
INSERT INTO salary (employee_id, year_and_month, amount) VALUES (105, '2023-10', 209);
INSERT INTO salary (employee_id, year_and_month, amount) VALUES (105, '2023-11', 210);
INSERT INTO salary (employee_id, year_and_month, amount) VALUES (105, '2023-12', 211);
INSERT INTO salary (employee_id, year_and_month, amount) VALUES (106, '2023-01', 300);
INSERT INTO salary (employee_id, year_and_month, amount) VALUES (106, '2023-02', 301);
INSERT INTO salary (employee_id, year_and_month, amount) VALUES (106, '2023-03', 302);
INSERT INTO salary (employee_id, year_and_month, amount) VALUES (106, '2023-04', 303);
INSERT INTO salary (employee_id, year_and_month, amount) VALUES (106, '2023-05', 304);
INSERT INTO salary (employee_id, year_and_month, amount) VALUES (106, '2023-06', 305);
INSERT INTO salary (employee_id, year_and_month, amount) VALUES (106, '2023-07', 306);
INSERT INTO salary (employee_id, year_and_month, amount) VALUES (106, '2023-08', 307);
INSERT INTO salary (employee_id, year_and_month, amount) VALUES (106, '2023-09', 308);
INSERT INTO salary (employee_id, year_and_month, amount) VALUES (106, '2023-10', 309);
INSERT INTO salary (employee_id, year_and_month, amount) VALUES (106, '2023-11', 310);
INSERT INTO salary (employee_id, year_and_month, amount) VALUES (106, '2023-12', 311);
INSERT INTO salary (employee_id, year_and_month, amount) VALUES (107, '2023-01', 100);
INSERT INTO salary (employee_id, year_and_month, amount) VALUES (107, '2023-02', 101);
INSERT INTO salary (employee_id, year_and_month, amount) VALUES (107, '2023-03', 102);
INSERT INTO salary (employee_id, year_and_month, amount) VALUES (107, '2023-04', 103);
INSERT INTO salary (employee_id, year_and_month, amount) VALUES (107, '2023-05', 104);
INSERT INTO salary (employee_id, year_and_month, amount) VALUES (107, '2023-06', 105);
INSERT INTO salary (employee_id, year_and_month, amount) VALUES (107, '2023-07', 106);
INSERT INTO salary (employee_id, year_and_month, amount) VALUES (107, '2023-08', 107);
INSERT INTO salary (employee_id, year_and_month, amount) VALUES (107, '2023-09', 108);
INSERT INTO salary (employee_id, year_and_month, amount) VALUES (107, '2023-10', 109);
INSERT INTO salary (employee_id, year_and_month, amount) VALUES (107, '2023-11', 110);
INSERT INTO salary (employee_id, year_and_month, amount) VALUES (107, '2023-12', 111);
INSERT INTO salary (employee_id, year_and_month, amount) VALUES (108, '2023-01', 200);
INSERT INTO salary (employee_id, year_and_month, amount) VALUES (108, '2023-02', 201);
INSERT INTO salary (employee_id, year_and_month, amount) VALUES (108, '2023-03', 202);
INSERT INTO salary (employee_id, year_and_month, amount) VALUES (108, '2023-04', 203);
INSERT INTO salary (employee_id, year_and_month, amount) VALUES (108, '2023-05', 204);
INSERT INTO salary (employee_id, year_and_month, amount) VALUES (108, '2023-06', 205);
INSERT INTO salary (employee_id, year_and_month, amount) VALUES (108, '2023-07', 206);
INSERT INTO salary (employee_id, year_and_month, amount) VALUES (108, '2023-08', 207);
INSERT INTO salary (employee_id, year_and_month, amount) VALUES (108, '2023-09', 208);
INSERT INTO salary (employee_id, year_and_month, amount) VALUES (108, '2023-10', 209);
INSERT INTO salary (employee_id, year_and_month, amount) VALUES (108, '2023-11', 210);
INSERT INTO salary (employee_id, year_and_month, amount) VALUES (108, '2023-12', 211);
INSERT INTO salary (employee_id, year_and_month, amount) VALUES (109, '2023-01', 300);
INSERT INTO salary (employee_id, year_and_month, amount) VALUES (109, '2023-02', 301);
INSERT INTO salary (employee_id, year_and_month, amount) VALUES (109, '2023-03', 302);
INSERT INTO salary (employee_id, year_and_month, amount) VALUES (109, '2023-04', 303);
INSERT INTO salary (employee_id, year_and_month, amount) VALUES (109, '2023-05', 304);
INSERT INTO salary (employee_id, year_and_month, amount) VALUES (109, '2023-06', 305);
INSERT INTO salary (employee_id, year_and_month, amount) VALUES (109, '2023-07', 306);
INSERT INTO salary (employee_id, year_and_month, amount) VALUES (109, '2023-08', 307);
INSERT INTO salary (employee_id, year_and_month, amount) VALUES (109, '2023-09', 308);
INSERT INTO salary (employee_id, year_and_month, amount) VALUES (109, '2023-10', 309);
INSERT INTO salary (employee_id, year_and_month, amount) VALUES (109, '2023-11', 310);
INSERT INTO salary (employee_id, year_and_month, amount) VALUES (109, '2023-12', 311);
